"OBJECTID_1,N,10,0","ObjectID,N,10,0","NAME,C,32","STATE_NAME,C,35","STATE_FIPS","CNTY_FIPS","FIPS,C,5","POP2010,N,10,0","POP10_SQMI,N,19,11","POP2012,N,10,0","POP12_SQMI,N,19,11","WHITE,N,10,0","BLACK,N,10,0","AMERI_ES,N,10,0","ASIAN,N,10,0","HAWN_PI,N,10,0","HISPANIC,N,10,0","OTHER,N,10,0","MULT_RACE,N,10,0","MALES,N,10,0","FEMALES,N,10,0","AGE_UNDER5,N,10,0","AGE_5_9,N,10,0","AGE_10_14,N,10,0","AGE_15_19,N,10,0","AGE_20_24,N,10,0","AGE_25_34,N,10,0","AGE_35_44,N,10,0","AGE_45_54,N,10,0","AGE_55_64,N,10,0","AGE_65_74,N,10,0","AGE_75_84,N,10,0","AGE_85_UP,N,10,0","MED_AGE,N,19,11","MED_AGE_M,N,19,11","MED_AGE_F,N,19,11","HOUSEHOLDS,N,10,0","AVE_HH_SZ,N,19,11","HSEHLD_1_M,N,10,0","HSEHLD_1_F,N,10,0","MARHH_CHD,N,10,0","MARHH_NO_C,N,10,0","MHH_CHILD,N,10,0","FHH_CHILD,N,10,0","FAMILIES,N,10,0","AVE_FAM_SZ,N,19,11","HSE_UNITS,N,10,0","VACANT,N,10,0","OWNER_OCC,N,10,0","RENTER_OCC,N,10,0","NO_FARMS07,N,19,11","AVG_SIZE07,N,19,11","CROP_ACR07,N,19,11","AVG_SALE07,N,19,11","SQMI,N,19,11","Shape_Leng,N,19,11","Shape_Area,N,19,11"
1,586,Dutchess,New York,36,027,36027,297488,360.50000000000,297684,360.70229858600,238387,29518,893,10437,108,31267,10345,7800,148112,149376,15239,17650,19696,24398,21556,31656,39717,50150,37122,21435,13298,5571,40.20000000000,39.10000000000,41.20000000000,107965,2.57000000000,12459,15636,25389,30661,2646,7232,72895,3.12000000000,118638,10673,75068,32897,656.00000000000,156.00000000000,46938.00000000000,68.39000000000,825.29000000000,2.19620244733,0.23209811180
2,641,New London,Connecticut,09,011,09011,274055,401.60000000000,273985,401.45498769200,225213,16025,2505,11383,180,23214,8722,10027,136803,137252,15013,16156,17187,18682,19396,32640,36223,44762,35001,20365,12789,5841,40.40000000000,38.50000000000,41.90000000000,107057,2.44000000000,13616,15978,21872,30301,2798,8308,69862,2.98000000000,120994,13937,72518,34539,793.00000000000,80.00000000000,25110.00000000000,138.80000000000,682.48000000000,2.21721450672,0.19726625222
3,646,Fairfield,Connecticut,09,001,09001,916829,1420.80000000000,922084,1428.96727002000,685900,99317,2384,42284,442,155025,62474,24028,445601,471228,56899,62907,66606,62192,50516,106063,131246,149286,107039,62341,41272,20462,39.40000000000,37.80000000000,40.80000000000,335545,2.68000000000,33783,49710,89394,88634,6564,25249,232896,3.21000000000,361221,25676,230167,105378,310.00000000000,128.00000000000,6646.00000000000,120.27000000000,645.28000000000,2.26732643168,0.18417910525
4,650,Middlesex,Connecticut,09,007,09007,165676,433.70000000000,166774,436.60401068100,147823,7727,253,4247,58,7834,2154,3414,80908,84768,8208,9661,10507,10703,8845,17214,22868,28525,23524,13396,8113,4112,43.00000000000,41.80000000000,44.10000000000,67202,2.39000000000,8006,10912,14404,20487,1304,3834,43743,2.95000000000,74837,7635,49976,17226,393.00000000000,42.00000000000,7406.00000000000,141.87000000000,381.98000000000,1.57492665667,0.10589612037
5,651,New Haven,Connecticut,09,009,09009,862477,1392.90000000000,862521,1392.96027132000,644744,109850,2497,30263,334,129743,51981,22808,415090,447387,48663,51759,56357,62248,59639,107891,114007,132623,105318,60734,41125,22113,39.20000000000,37.60000000000,40.60000000000,334502,2.49000000000,40674,55844,66383,85684,7542,30979,215749,3.09000000000,362004,27502,212169,122333,573.00000000000,80.00000000000,13778.00000000000,157.37000000000,619.20000000000,2.40849286672,0.17390286747
6,654,Orange,New York,36,071,36071,372813,444.90000000000,374604,447.03748344200,287802,37946,1748,8895,125,67185,24615,11682,186289,186524,26488,27965,29030,29466,24724,41671,52325,58112,42047,22454,12943,5588,36.50000000000,34.80000000000,38.00000000000,125925,2.86000000000,12145,15623,36102,33408,3688,9902,91457,3.37000000000,137025,11100,86756,39169,642.00000000000,126.00000000000,46268.00000000000,114.87000000000,837.97000000000,2.19803999637,0.24025381129
7,662,Pike,Pennsylvania,42,103,42103,57369,101.30000000000,57494,101.50597623600,50856,3322,176,597,16,5173,1193,1209,28686,28683,2823,3489,4185,4339,2609,4895,7599,10086,8041,5642,2840,821,43.50000000000,42.90000000000,44.10000000000,21925,2.59000000000,2462,2457,5217,7575,586,1333,15888,3.05000000000,38350,16425,18811,3114,54.00000000000,511.00000000000,2908.00000000000,46.74000000000,566.41000000000,2.00047329870,0.16290470458
8,671,Putnam,New York,36,079,36079,99710,405.30000000000,100293,407.64540909600,90470,2350,175,1882,35,11661,2833,1965,49789,49921,5108,6441,7406,6887,5095,9495,14652,18771,13438,7238,3697,1482,41.80000000000,40.80000000000,42.90000000000,35041,2.77000000000,3154,3961,10532,11118,688,1714,26260,3.22000000000,38224,3183,28688,6353,72.00000000000,78.00000000000,1286.00000000000,-99.00000000000,246.03000000000,1.19580695608,0.06952047409
9,715,Westchester,New York,36,119,36119,949113,2111.60000000000,949931,2113.39992881000,646471,138118,3965,51716,387,207032,78503,29953,456661,492452,57199,63212,65680,65316,53580,108013,132984,149032,114975,68766,47629,22727,40.00000000000,38.10000000000,41.50000000000,347232,2.65000000000,36259,58355,88743,88334,7007,25829,236419,3.23000000000,370821,23589,213888,133344,106.00000000000,80.00000000000,2512.00000000000,103.75000000000,449.48000000000,1.76066753584,0.13258222439
10,716,Sussex,New Jersey,34,037,34037,149265,278.60000000000,150304,280.49117306800,139504,2677,234,2642,36,9617,1783,2389,74070,75195,7963,9587,10984,11035,7493,14178,21480,27845,20850,10550,5064,2236,41.70000000000,41.00000000000,42.30000000000,54752,2.69000000000,5438,6044,15419,17998,1142,2874,40649,3.14000000000,62057,7305,46156,8596,1060.00000000000,62.00000000000,32949.00000000000,20.04000000000,535.86000000000,1.60423992389,0.14728275244
11,720,Rockland,New York,36,087,36087,311687,1745.10000000000,314928,1763.21594536000,228295,37058,911,19293,130,48783,18159,7841,152879,158808,23801,24285,24464,23478,19079,34901,38528,44750,36560,22266,13879,5696,36.60000000000,34.50000000000,38.60000000000,99242,3.07000000000,8132,12788,30850,28349,1845,6113,74156,3.58000000000,104057,4815,68806,30436,21.00000000000,-99.00000000000,128.00000000000,121.89000000000,178.61000000000,1.05657260168,0.05577099133
12,732,Monroe,Pennsylvania,42,089,42089,169842,275.10000000000,171507,277.80261431600,131162,22348,572,3484,79,22288,7295,4902,83856,85986,8688,10571,12699,14706,11593,15889,22756,29431,21808,12623,6730,2348,40.30000000000,39.40000000000,41.00000000000,61091,2.72000000000,6228,6830,15185,18864,1791,4576,44161,3.17000000000,80359,19268,48017,13074,349.00000000000,84.00000000000,14308.00000000000,22.40000000000,617.37000000000,1.99996899662,0.17221360976
13,738,Passaic,New Jersey,34,031,34031,501226,2538.10000000000,501290,2538.43427182000,314001,64295,3348,25092,156,185677,75735,18599,243124,258102,34247,34008,34536,37604,36025,66674,69114,73115,55579,31850,19463,9011,36.10000000000,34.70000000000,37.50000000000,166785,2.94000000000,15848,21858,40897,40390,5316,18308,120840,3.45000000000,175966,9181,91825,74960,103.00000000000,19.00000000000,419.00000000000,61.34000000000,197.48000000000,1.38302508175,0.05537896105
14,768,Bergen,New Jersey,34,003,34003,905116,3773.70000000000,905771,3776.40608714000,650703,52473,2061,131329,229,145281,45611,22710,435962,469154,50281,56309,60038,57558,47472,104847,129334,147648,114526,67860,46964,22279,41.10000000000,39.70000000000,42.50000000000,335730,2.66000000000,32649,50096,90259,98207,5485,18318,238555,3.20000000000,352388,16658,221966,113764,89.00000000000,13.00000000000,561.00000000000,97.69000000000,239.85000000000,1.26841697108,0.06866559752
15,770,Warren,New Jersey,34,041,34041,108692,299.50000000000,109117,300.68891399600,98137,3818,155,2673,30,7659,1964,1915,52828,55864,6084,7133,7592,7603,5831,10671,15484,19174,13828,7925,5051,2316,41.50000000000,40.40000000000,42.50000000000,41480,2.57000000000,4395,5987,10287,12566,918,2509,28850,3.10000000000,44925,3445,30990,10490,933.00000000000,80.00000000000,51464.00000000000,80.90000000000,362.89000000000,1.60498474783,0.10151552683
16,772,Morris,New Jersey,34,027,34027,492276,1023.30000000000,496910,1032.88366002000,406683,15360,805,44069,106,56482,14910,10343,241022,251254,27342,33064,35446,32678,23994,51794,72187,85379,62237,35589,22218,10348,41.20000000000,40.10000000000,42.30000000000,180534,2.68000000000,16976,25448,52954,54708,3026,8086,129242,3.19000000000,189842,9308,135316,45218,422.00000000000,40.00000000000,9280.00000000000,64.72000000000,481.09000000000,1.89573025744,0.13323154678
17,807,Northampton,Pennsylvania,42,095,42095,297735,789.00000000000,299139,792.69417282800,256895,14986,609,7203,98,31179,11289,6655,145386,152349,16231,17975,18657,21897,19794,32081,39353,46735,38406,22664,16050,7892,40.90000000000,39.50000000000,42.30000000000,113565,2.53000000000,11988,16456,24700,35833,2841,7921,78219,3.02000000000,120363,6798,82719,30846,486.00000000000,140.00000000000,58903.00000000000,65.36000000000,377.37000000000,1.66755205477,0.10742132696
18,814,Bronx,New York,36,005,36005,1385108,32939.50000000000,1397295,33229.36979790000,386497,505200,18260,49609,1288,741413,351011,73243,649633,735475,103144,98664,99159,115662,112897,203534,187089,185598,133479,80143,45700,20039,32.90000000000,30.60000000000,34.90000000000,483449,2.77000000000,59400,77082,73837,63016,17964,101599,322604,3.39000000000,511896,28447,93101,390348,1.00000000000,-99.00000000000,0.00000000000,-99.00000000000,42.05000000000,0.47116978728,0.01106198024
19,824,Nassau,New York,36,059,36059,1339532,4649.10000000000,1343698,4663.51299761000,977577,149049,3185,102266,336,195355,75211,31908,647978,691554,73888,83405,93607,94070,79376,142556,177632,217985,172332,98307,72317,34057,41.10000000000,39.40000000000,42.70000000000,448528,2.94000000000,32978,57314,129529,139514,8153,25896,340523,3.38000000000,468346,19818,358300,90228,59.00000000000,22.00000000000,268.00000000000,267.79000000000,288.13000000000,1.19377122670,0.07545311936
20,829,Essex,New Jersey,34,013,34013,783969,6131.00000000000,786533,6151.03620865000,333868,320479,3056,35789,286,159117,65687,24804,375964,408005,53819,53756,53781,54903,52785,107655,116221,115224,85538,47566,29094,13627,36.30000000000,34.80000000000,37.80000000000,283712,2.68000000000,33262,45266,59112,54561,8663,37880,189339,3.29000000000,312954,29242,128346,155366,13.00000000000,14.00000000000,43.00000000000,54.63000000000,127.87000000000,0.88231174027,0.03590345511
21,832,New York,New York,36,061,36061,1585873,69586.40000000000,1601403,70267.79289160000,911073,246687,8669,179552,873,403577,175696,63323,744441,841432,76579,61323,58229,77462,141558,341234,234144,202969,178222,115369,68397,30387,36.50000000000,36.10000000000,36.90000000000,763846,1.99000000000,150480,203089,77778,115684,9943,49660,308828,2.94000000000,847090,83244,173961,589885,0.00000000000,0.00000000000,0.00000000000,0.00000000000,22.79000000000,0.44059671632,0.00629934167
22,837,Hudson,New Jersey,34,017,34017,634266,13466.40000000000,642470,13640.55201700000,342792,83925,4081,84924,344,267853,90373,27827,313787,320479,42586,33606,32978,37526,48115,131508,96716,82985,62180,36094,21487,8485,34.30000000000,33.30000000000,35.30000000000,246437,2.54000000000,34629,39112,44385,48739,6988,24413,148473,3.20000000000,270335,23898,79063,167374,0.00000000000,0.00000000000,0.00000000000,0.00000000000,47.10000000000,0.62238410006,0.01562157997
23,840,Queens,New York,36,081,36081,2230722,20418.50000000000,2250879,20603.01144160000,886053,426683,15364,511787,1530,613750,288392,100913,1079803,1150919,132464,123766,123406,139096,160875,362130,326279,322884,253676,150624,93347,42175,37.20000000000,35.70000000000,38.80000000000,780117,2.82000000000,83415,116046,168703,179452,21438,66765,526875,3.40000000000,835127,55010,335454,444663,4.00000000000,-99.00000000000,0.00000000000,29.29000000000,109.25000000000,1.08075956021,0.02906444890
24,843,Hunterdon,New Jersey,34,019,34019,128349,293.20000000000,129260,295.27595029200,117264,3451,167,4181,37,6722,1570,1679,64103,64246,6023,8339,9745,8791,6231,10588,17938,25862,18488,9383,4922,2039,43.40000000000,42.40000000000,44.20000000000,47169,2.62000000000,4458,5942,13738,15862,717,1871,34352,3.10000000000,49487,2318,39580,7589,1623.00000000000,62.00000000000,66553.00000000000,42.97000000000,437.76000000000,1.69332991309,0.11913577122
25,844,Suffolk,New York,36,103,36103,1493350,1615.20000000000,1500223,1622.59945056000,1206297,111224,5366,50972,495,246239,82965,36031,734668,758682,85984,97819,106367,106992,90371,166685,213341,245782,178216,107983,65969,27841,39.80000000000,38.30000000000,41.00000000000,499922,2.93000000000,42138,60762,140779,147156,12131,32546,370897,3.36000000000,569985,70063,393507,106415,585.00000000000,59.00000000000,26342.00000000000,415.27000000000,924.58000000000,5.44897657389,0.26759524017
26,846,Somerset,New Jersey,34,035,34035,323444,1060.70000000000,326491,1070.70803135000,226608,28943,556,45650,94,42091,13360,8233,157624,165820,19237,22488,24163,21406,14592,36425,48863,57513,38755,20721,13110,6171,40.20000000000,38.90000000000,41.30000000000,117759,2.71000000000,10646,16752,36018,33193,2036,6325,84616,3.22000000000,123127,5368,90430,27329,445.00000000000,74.00000000000,19944.00000000000,42.50000000000,304.93000000000,1.50608411233,0.08453217075
27,853,Kings,New York,36,047,36047,2504700,35873.70000000000,2549696,36518.13234030000,1072041,860083,13524,262276,1243,496285,219229,76304,1181378,1323322,177198,159391,156563,170684,195797,425700,341545,324177,266012,152694,93989,40950,34.20000000000,32.60000000000,35.80000000000,916856,2.69000000000,109973,156263,167775,165352,23072,111737,573363,3.41000000000,1000293,83437,254241,662615,1.00000000000,-99.00000000000,0.00000000000,-99.00000000000,69.82000000000,0.58711888696,0.01648680388
28,855,Union,New Jersey,34,039,34039,536499,5158.10000000000,536116,5154.46591674000,329052,118313,2080,24839,163,146704,45496,16556,259932,276567,35783,36057,36532,36244,32521,69279,78418,83409,60495,33845,22665,11251,37.90000000000,36.40000000000,39.40000000000,188118,2.82000000000,18363,26038,48450,45875,5552,17281,134674,3.32000000000,199489,11371,112843,75275,15.00000000000,8.00000000000,65.00000000000,165.55000000000,104.01000000000,0.88355903305,0.02977517125
29,881,Richmond,New York,36,085,36085,468730,8060.70000000000,470887,8097.79879622000,341677,49857,1695,35164,213,81051,28006,12118,227289,241441,28339,30015,30797,32929,31458,59847,65630,71748,58623,32631,18858,7855,38.30000000000,36.70000000000,39.90000000000,165516,2.78000000000,17112,22895,41429,44844,3528,13519,118551,3.34000000000,176656,11140,106135,59381,14.00000000000,-99.00000000000,0.00000000000,369.59000000000,58.15000000000,0.49770875918,0.01327273958
30,886,Bucks,Pennsylvania,42,017,42017,625249,1004.90000000000,629397,1011.59953711000,557647,22376,1232,24008,174,26782,9430,10382,306663,318586,34150,38919,43070,41724,32984,66297,83959,109090,83837,47259,30573,13387,41.90000000000,40.80000000000,43.00000000000,234849,2.63000000000,23033,30879,60325,76206,4909,12544,168665,3.11000000000,245956,11107,181013,53836,934.00000000000,81.00000000000,58012.00000000000,75.56000000000,622.18000000000,2.11706456563,0.17346542610
31,890,Middlesex,New Jersey,34,023,34023,809858,2579.60000000000,815917,2598.87561714000,474589,78462,2777,173293,251,148975,56569,23917,397485,412373,50006,51052,51542,57626,58117,111577,117515,121924,91037,50732,33857,14873,37.10000000000,36.00000000000,38.30000000000,281186,2.80000000000,26114,37036,79666,77548,5937,18431,202954,3.29000000000,294800,13614,187147,94039,236.00000000000,79.00000000000,12899.00000000000,177.35000000000,313.95000000000,1.43796940128,0.08550949299
32,918,Monmouth,New Jersey,34,025,34025,630380,1320.50000000000,634547,1329.22828774000,520716,46443,1211,31258,211,60939,18187,12354,306654,323726,34755,41128,45551,44044,34185,64860,86499,110979,81688,44342,28598,13751,41.30000000000,39.90000000000,42.50000000000,233983,2.66000000000,23483,35032,62813,66984,4272,13814,163389,3.22000000000,258410,24427,175157,58826,932.00000000000,47.00000000000,28008.00000000000,113.10000000000,477.38000000000,1.78057185347,0.12532015034
33,927,Mercer,New Jersey,34,021,34021,366513,1601.10000000000,368472,1609.61034423000,225011,74318,1194,32752,295,55318,22856,10087,179033,187480,21553,22794,23725,27457,27498,46842,51817,55646,42834,23570,15444,7333,37.70000000000,36.20000000000,39.10000000000,133155,2.61000000000,14603,21275,30734,33426,3190,11594,89448,3.16000000000,143169,10014,87700,45455,311.00000000000,70.00000000000,15358.00000000000,59.96000000000,228.92000000000,1.34037566189,0.06224037857
34,977,Burlington,New Jersey,34,005,34005,448734,548.10000000000,449318,548.78534351100,331342,74505,985,19395,219,28831,9193,13095,220534,228200,25964,28434,30318,30330,26334,51608,62411,75506,55639,32446,21029,8715,40.40000000000,38.80000000000,41.80000000000,166318,2.62000000000,16443,24152,41643,48685,3654,11627,117321,3.14000000000,175615,9297,129656,36662,922.00000000000,93.00000000000,53650.00000000000,93.60000000000,818.75000000000,2.09257113796,0.22656961424
35,981,Ocean,New Jersey,34,029,34029,576567,895.00000000000,577234,895.99217682900,524577,18164,966,10081,129,47783,14165,8485,276302,300265,38906,37499,36372,34785,30652,61018,66714,78571,70946,58214,43280,19610,42.50000000000,40.20000000000,44.80000000000,221111,2.58000000000,21910,39647,48501,70643,4035,11044,149334,3.16000000000,278052,56941,179386,41725,255.00000000000,39.00000000000,4423.00000000000,45.16000000000,644.24000000000,2.08019251496,0.17047336423
36,770,Warren,New Jersey,34,041,34041,108692,299.50000000000,109117,300.68891399600,98137,3818,155,2673,30,7659,1964,1915,52828,55864,6084,7133,7592,7603,5831,10671,15484,19174,13828,7925,5051,2316,41.50000000000,40.40000000000,42.50000000000,41480,2.57000000000,4395,5987,10287,12566,918,2509,28850,3.10000000000,44925,3445,30990,10490,933.00000000000,80.00000000000,51464.00000000000,80.90000000000,362.89000000000,1.60498474783,0.10151552683
37,807,Northampton,Pennsylvania,42,095,42095,297735,789.00000000000,299139,792.69417282800,256895,14986,609,7203,98,31179,11289,6655,145386,152349,16231,17975,18657,21897,19794,32081,39353,46735,38406,22664,16050,7892,40.90000000000,39.50000000000,42.30000000000,113565,2.53000000000,11988,16456,24700,35833,2841,7921,78219,3.02000000000,120363,6798,82719,30846,486.00000000000,140.00000000000,58903.00000000000,65.36000000000,377.37000000000,1.66755205477,0.10742132696
38,842,Lehigh,Pennsylvania,42,077,42077,349497,1003.60000000000,352101,1011.05814788000,276286,21440,1279,10247,126,65615,30064,10055,169312,180185,21406,22571,23571,24710,21151,42371,46127,53505,42481,25107,18099,8398,39.30000000000,37.90000000000,40.60000000000,133983,2.54000000000,14952,20327,27907,38602,3764,11704,90160,3.08000000000,142613,8630,90846,43137,516.00000000000,164.00000000000,72737.00000000000,139.65000000000,348.25000000000,1.43205835594,0.09362043614
39,843,Hunterdon,New Jersey,34,019,34019,128349,293.20000000000,129260,295.27595029200,117264,3451,167,4181,37,6722,1570,1679,64103,64246,6023,8339,9745,8791,6231,10588,17938,25862,18488,9383,4922,2039,43.40000000000,42.40000000000,44.20000000000,47169,2.62000000000,4458,5942,13738,15862,717,1871,34352,3.10000000000,49487,2318,39580,7589,1623.00000000000,62.00000000000,66553.00000000000,42.97000000000,437.76000000000,1.69332991309,0.11913577122
40,846,Somerset,New Jersey,34,035,34035,323444,1060.70000000000,326491,1070.70803135000,226608,28943,556,45650,94,42091,13360,8233,157624,165820,19237,22488,24163,21406,14592,36425,48863,57513,38755,20721,13110,6171,40.20000000000,38.90000000000,41.30000000000,117759,2.71000000000,10646,16752,36018,33193,2036,6325,84616,3.22000000000,123127,5368,90430,27329,445.00000000000,74.00000000000,19944.00000000000,42.50000000000,304.93000000000,1.50608411233,0.08453217075
41,874,Berks,Pennsylvania,42,011,42011,411442,475.40000000000,413824,478.11077477600,342148,20143,1285,5385,128,67355,32101,10252,201864,209578,25288,26960,27828,31785,27355,46157,53903,62706,49902,29576,20789,9193,39.00000000000,37.80000000000,40.20000000000,154356,2.59000000000,17099,20694,33378,47039,4507,12499,106532,3.08000000000,164827,10471,110653,43703,1980.00000000000,112.00000000000,170760.00000000000,185.78000000000,865.54000000000,2.17919207567,0.23942732436
42,886,Bucks,Pennsylvania,42,017,42017,625249,1004.90000000000,629397,1011.59953711000,557647,22376,1232,24008,174,26782,9430,10382,306663,318586,34150,38919,43070,41724,32984,66297,83959,109090,83837,47259,30573,13387,41.90000000000,40.80000000000,43.00000000000,234849,2.63000000000,23033,30879,60325,76206,4909,12544,168665,3.11000000000,245956,11107,181013,53836,934.00000000000,81.00000000000,58012.00000000000,75.56000000000,622.18000000000,2.11706456563,0.17346542610
43,890,Middlesex,New Jersey,34,023,34023,809858,2579.60000000000,815917,2598.87561714000,474589,78462,2777,173293,251,148975,56569,23917,397485,412373,50006,51052,51542,57626,58117,111577,117515,121924,91037,50732,33857,14873,37.10000000000,36.00000000000,38.30000000000,281186,2.80000000000,26114,37036,79666,77548,5937,18431,202954,3.29000000000,294800,13614,187147,94039,236.00000000000,79.00000000000,12899.00000000000,177.35000000000,313.95000000000,1.43796940128,0.08550949299
44,905,Lebanon,Pennsylvania,42,075,42075,133568,368.40000000000,135533,373.81195355400,121566,2885,250,1533,36,12410,5165,2133,65161,68407,8458,8414,8572,8731,7733,14867,16967,19729,17368,11371,7736,3622,41.00000000000,39.80000000000,42.30000000000,52258,2.49000000000,5856,7664,10890,17622,1347,3465,36111,2.98000000000,55592,3334,37622,14636,1193.00000000000,95.00000000000,89566.00000000000,215.51000000000,362.57000000000,1.36149803102,0.10024618682
45,918,Monmouth,New Jersey,34,025,34025,630380,1320.50000000000,634547,1329.22828774000,520716,46443,1211,31258,211,60939,18187,12354,306654,323726,34755,41128,45551,44044,34185,64860,86499,110979,81688,44342,28598,13751,41.30000000000,39.90000000000,42.50000000000,233983,2.66000000000,23483,35032,62813,66984,4272,13814,163389,3.22000000000,258410,24427,175157,58826,932.00000000000,47.00000000000,28008.00000000000,113.10000000000,477.38000000000,1.78057185347,0.12532015034
46,921,Montgomery,Pennsylvania,42,091,42091,799874,1641.30000000000,806827,1655.60708350000,649021,69351,1174,51565,296,34233,12947,15520,387964,411910,47305,50313,52570,51581,43590,96641,108884,128311,99952,58492,41620,20615,40.60000000000,39.10000000000,41.90000000000,307750,2.53000000000,32252,48629,76665,91927,5667,16869,208959,3.09000000000,325735,17985,225001,82749,719.00000000000,58.00000000000,28563.00000000000,41.76000000000,487.33000000000,1.92260569302,0.13202483919
47,927,Mercer,New Jersey,34,021,34021,366513,1601.10000000000,368472,1609.61034423000,225011,74318,1194,32752,295,55318,22856,10087,179033,187480,21553,22794,23725,27457,27498,46842,51817,55646,42834,23570,15444,7333,37.70000000000,36.20000000000,39.10000000000,133155,2.61000000000,14603,21275,30734,33426,3190,11594,89448,3.16000000000,143169,10014,87700,45455,311.00000000000,70.00000000000,15358.00000000000,59.96000000000,228.92000000000,1.34037566189,0.06224037857
48,952,Lancaster,Pennsylvania,42,071,42071,519445,528.10000000000,527417,536.16179894100,460171,19035,1195,9860,164,44930,18819,10201,253836,265609,35521,35446,35553,38100,35033,60990,63629,75401,61992,38240,26694,12846,38.10000000000,36.80000000000,39.40000000000,193602,2.62000000000,19726,27067,45507,63611,4459,12148,135401,3.13000000000,202952,9350,132703,60899,5462.00000000000,78.00000000000,326648.00000000000,196.29000000000,983.69000000000,2.33516023305,0.26469213479
49,967,Chester,Pennsylvania,42,029,42029,498886,656.50000000000,506860,667.00003947800,426707,30623,862,19296,161,32503,12207,9030,245161,253725,31126,34929,35717,36401,30284,54473,68933,81576,61572,34016,20592,9267,39.20000000000,38.00000000000,40.30000000000,182900,2.65000000000,17335,24697,51121,56023,3437,9246,129138,3.16000000000,192462,9562,139328,43572,1733.00000000000,96.00000000000,117145.00000000000,319.27000000000,759.91000000000,2.32587793070,0.20759275527
50,969,York,Pennsylvania,42,133,42133,434972,477.80000000000,439298,482.51705238200,385135,24344,942,5407,123,24397,10326,8695,214563,220409,26592,28187,28902,29507,24822,50384,60442,69306,55773,32701,19977,8379,40.10000000000,39.00000000000,41.00000000000,168372,2.53000000000,18139,21702,37536,55008,5161,11884,118478,2.98000000000,178671,10299,127173,41199,2370.00000000000,123.00000000000,225389.00000000000,89.72000000000,910.43000000000,2.48491401634,0.25254573067
51,977,Burlington,New Jersey,34,005,34005,448734,548.10000000000,449318,548.78534351100,331342,74505,985,19395,219,28831,9193,13095,220534,228200,25964,28434,30318,30330,26334,51608,62411,75506,55639,32446,21029,8715,40.40000000000,38.80000000000,41.80000000000,166318,2.62000000000,16443,24152,41643,48685,3654,11627,117321,3.14000000000,175615,9297,129656,36662,922.00000000000,93.00000000000,53650.00000000000,93.60000000000,818.75000000000,2.09257113796,0.22656961424
52,981,Ocean,New Jersey,34,029,34029,576567,895.00000000000,577234,895.99217682900,524577,18164,966,10081,129,47783,14165,8485,276302,300265,38906,37499,36372,34785,30652,61018,66714,78571,70946,58214,43280,19610,42.50000000000,40.20000000000,44.80000000000,221111,2.58000000000,21910,39647,48501,70643,4035,11044,149334,3.16000000000,278052,56941,179386,41725,255.00000000000,39.00000000000,4423.00000000000,45.16000000000,644.24000000000,2.08019251496,0.17047336423
53,988,Philadelphia,Pennsylvania,42,101,42101,1526006,10841.20000000000,1541189,10949.05512930000,626221,661839,6996,96405,744,187611,90731,43070,719813,806193,101053,90827,90640,118297,146717,246062,188323,197970,160808,94764,62434,28111,33.60000000000,32.10000000000,35.10000000000,599736,2.45000000000,90119,114595,74048,95539,18310,86645,340354,3.20000000000,670171,70435,324536,275200,17.00000000000,15.00000000000,150.00000000000,28.63000000000,140.76000000000,1.12899581551,0.04007147194
54,997,Delaware,Pennsylvania,42,045,42045,558979,3017.80000000000,561551,3031.64174270000,405233,110260,874,26277,145,16537,5211,10979,267849,291130,33979,34749,36827,44245,39472,66578,69926,86101,67376,37323,28527,13876,38.60000000000,36.70000000000,40.40000000000,208700,2.57000000000,23777,33920,45474,53909,5032,18284,139859,3.17000000000,222902,14202,147212,61488,79.00000000000,55.00000000000,1646.00000000000,119.68000000000,185.23000000000,1.06310864704,0.05254938113
55,1023,Camden,New Jersey,34,007,34007,513657,2260.40000000000,514654,2264.80373174000,335389,100441,1608,26257,165,73124,36354,13443,247759,265898,33369,33868,35363,36017,32963,66869,69642,78612,61229,33764,21763,10198,37.80000000000,36.10000000000,39.30000000000,190980,2.65000000000,20736,29446,41318,47144,5477,19738,129943,3.22000000000,204943,13963,130355,60625,225.00000000000,39.00000000000,5033.00000000000,82.46000000000,227.24000000000,1.25280255172,0.06191128480
56,1043,Gloucester,New Jersey,34,015,34015,288288,879.00000000000,291608,889.10299408500,240890,29006,501,7609,95,13712,4055,6132,139969,148319,17392,19309,20603,20981,18961,33101,40735,46909,34598,19229,11675,4795,38.60000000000,37.20000000000,39.90000000000,104271,2.72000000000,9491,13401,27617,30345,2658,7837,75824,3.20000000000,109796,5525,83525,20746,669.00000000000,70.00000000000,34709.00000000000,140.33000000000,327.98000000000,1.43108515181,0.09124436607
57,1050,New Castle,Delaware,10,003,10003,538479,1241.00000000000,541723,1248.46857643000,352955,127786,1574,23300,159,46921,19115,13590,260671,277808,33249,34123,35040,40966,40457,70744,73298,81987,62393,35495,21531,9196,37.10000000000,35.70000000000,38.40000000000,202651,2.57000000000,22487,30500,42437,51906,5775,19398,134743,3.11000000000,217511,14860,141325,61326,347.00000000000,193.00000000000,51913.00000000000,131.71000000000,433.91000000000,1.72002507242,0.12354627663
58,1063,Salem,New Jersey,34,033,34033,66083,190.00000000000,66205,190.31534768700,52757,9309,240,557,10,4507,1745,1465,32178,33905,3847,4118,4566,4719,3690,7358,8421,10545,8902,5075,3216,1626,40.80000000000,39.30000000000,42.20000000000,25290,2.56000000000,2825,3587,5199,7421,714,2375,17557,3.07000000000,27417,2127,18091,7199,759.00000000000,127.00000000000,78055.00000000000,105.35000000000,347.87000000000,1.60230913905,0.09529089870
59,1070,Atlantic,New Jersey,34,001,34001,274549,484.50000000000,273331,482.32896292500,179566,44138,1050,20595,92,46241,20218,8890,133175,141374,16484,17074,18314,19854,17651,31243,36306,44620,34101,21088,12602,5212,39.90000000000,38.50000000000,41.00000000000,102847,2.61000000000,11975,15647,20875,26010,3302,10096,68738,3.17000000000,126647,23800,70156,32691,499.00000000000,61.00000000000,18616.00000000000,257.19000000000,566.69000000000,1.65539618525,0.14586807737
60,1073,Cecil,Maryland,24,015,24015,101108,282.30000000000,102213,285.33582714500,90189,6284,294,1097,48,3407,1019,2177,50301,50807,6424,6927,7380,7319,5973,11606,14310,16533,12761,6889,3643,1343,38.80000000000,38.10000000000,39.40000000000,36867,2.70000000000,3766,4284,9019,11129,1337,2990,26681,3.13000000000,41103,4236,27023,9844,583.00000000000,146.00000000000,60147.00000000000,164.30000000000,358.22000000000,1.50264919146,0.09582564918
61,1075,Harford,Maryland,24,025,24025,244826,549.30000000000,248257,557.02970741300,198763,31058,614,5826,199,8613,2318,6048,119693,125133,14982,16345,18006,17343,13906,28206,34050,40839,30585,17396,9596,3572,39.30000000000,37.90000000000,40.60000000000,90218,2.68000000000,8193,11165,23843,28385,2324,6441,66335,3.13000000000,95554,5336,71831,18387,704.00000000000,107.00000000000,49203.00000000000,60.89000000000,445.68000000000,1.38501177511,0.11971941571
62,1079,Baltimore County,Maryland,24,005,24005,805029,1322.60000000000,808120,1327.63804235000,520185,209738,2625,40077,319,33735,12801,19284,380409,424620,48074,47454,49231,56294,57772,103555,102844,121216,101113,56470,40325,20681,39.10000000000,37.20000000000,40.60000000000,316715,2.48000000000,35220,54258,61426,82693,8091,28569,205113,3.04000000000,335622,18907,211571,105144,751.00000000000,104.00000000000,50941.00000000000,91.11000000000,608.69000000000,2.24173693003,0.16468989154
63,1118,Cumberland,New Jersey,34,011,34011,156898,312.20000000000,157291,312.96086273100,98430,31741,1746,1907,59,42457,17492,5523,80808,76090,10832,10363,9932,10845,10701,22518,22155,22327,17430,10555,6350,2890,36.50000000000,35.20000000000,38.10000000000,51931,2.79000000000,5166,7322,10326,13133,2034,6459,36561,3.26000000000,55834,3903,34622,17309,615.00000000000,113.00000000000,52330.00000000000,255.19000000000,502.59000000000,1.69611295123,0.13931090276
64,1159,Kent,Maryland,24,029,24029,20197,71.70000000000,20385,72.38734419940,16169,3056,42,165,6,907,393,366,9640,10557,995,978,953,1505,1654,1830,2019,2946,2920,2300,1434,663,45.60000000000,44.10000000000,46.90000000000,8165,2.29000000000,944,1475,1215,2806,200,539,5272,2.78000000000,10549,2384,5808,2357,377.00000000000,340.00000000000,101394.00000000000,227.35000000000,281.61000000000,1.34633816043,0.06551622558
65,1164,Kent,Delaware,10,001,10001,162310,271.30000000000,166656,278.56784675600,109999,38913,1043,3306,91,9346,3235,5723,78035,84275,11150,11286,11119,12370,12237,20017,20570,23177,18402,12699,6880,2403,36.50000000000,35.00000000000,37.80000000000,60278,2.62000000000,6077,8147,13076,17145,1889,6117,42290,3.09000000000,65338,5060,43046,17232,825.00000000000,211.00000000000,146536.00000000000,228.35000000000,598.26000000000,1.71790798835,0.16390541024
66,969,York,Pennsylvania,42,133,42133,434972,477.80000000000,439298,482.51705238200,385135,24344,942,5407,123,24397,10326,8695,214563,220409,26592,28187,28902,29507,24822,50384,60442,69306,55773,32701,19977,8379,40.10000000000,39.00000000000,41.00000000000,168372,2.53000000000,18139,21702,37536,55008,5161,11884,118478,2.98000000000,178671,10299,127173,41199,2370.00000000000,123.00000000000,225389.00000000000,89.72000000000,910.43000000000,2.48491401634,0.25254573067
67,996,Adams,Pennsylvania,42,001,42001,101407,194.50000000000,102549,196.69895463700,94979,1561,213,746,20,6115,2544,1344,49865,51542,5594,6096,6512,7507,6588,10440,13367,15828,13521,8534,5200,2220,41.30000000000,40.30000000000,42.20000000000,38013,2.56000000000,3761,4575,8630,13684,1054,2192,27594,2.97000000000,40820,2807,29368,8645,1289.00000000000,135.00000000000,127521.00000000000,168.34000000000,521.35000000000,1.52987202936,0.14414886360
68,1075,Harford,Maryland,24,025,24025,244826,549.30000000000,248257,557.02970741300,198763,31058,614,5826,199,8613,2318,6048,119693,125133,14982,16345,18006,17343,13906,28206,34050,40839,30585,17396,9596,3572,39.30000000000,37.90000000000,40.60000000000,90218,2.68000000000,8193,11165,23843,28385,2324,6441,66335,3.13000000000,95554,5336,71831,18387,704.00000000000,107.00000000000,49203.00000000000,60.89000000000,445.68000000000,1.38501177511,0.11971941571
69,1078,Carroll,Maryland,24,013,24013,167134,369.80000000000,167700,371.03411655400,155282,5332,328,2418,56,4363,1199,2519,82510,84624,9031,11433,12600,12690,9398,15417,23658,29805,21293,11895,6894,3020,41.10000000000,40.20000000000,41.90000000000,59786,2.74000000000,4939,7004,17364,20188,1420,3206,45163,3.15000000000,62406,2620,49028,10758,1148.00000000000,124.00000000000,103180.00000000000,76.14000000000,451.98000000000,1.74424351638,0.12497356706
70,1079,Baltimore County,Maryland,24,005,24005,805029,1322.60000000000,808120,1327.63804235000,520185,209738,2625,40077,319,33735,12801,19284,380409,424620,48074,47454,49231,56294,57772,103555,102844,121216,101113,56470,40325,20681,39.10000000000,37.20000000000,40.60000000000,316715,2.48000000000,35220,54258,61426,82693,8091,28569,205113,3.04000000000,335622,18907,211571,105144,751.00000000000,104.00000000000,50941.00000000000,91.11000000000,608.69000000000,2.24173693003,0.16468989154
71,1081,Frederick,Maryland,24,021,24021,233385,349.60000000000,236712,354.62471910100,190306,20148,730,8946,107,17135,6684,6464,114806,118579,14862,16303,17234,16756,13237,27432,34859,39335,27453,14060,8097,3757,38.40000000000,37.40000000000,39.40000000000,84800,2.70000000000,8043,10582,23921,25127,2115,5460,61198,3.17000000000,90136,5336,64315,20485,1442.00000000000,140.00000000000,143661.00000000000,88.09000000000,667.50000000000,1.89016306808,0.18039943748
72,1159,Kent,Maryland,24,029,24029,20197,71.70000000000,20385,72.38734419940,16169,3056,42,165,6,907,393,366,9640,10557,995,978,953,1505,1654,1830,2019,2946,2920,2300,1434,663,45.60000000000,44.10000000000,46.90000000000,8165,2.29000000000,944,1475,1215,2806,200,539,5272,2.78000000000,10549,2384,5808,2357,377.00000000000,340.00000000000,101394.00000000000,227.35000000000,281.61000000000,1.34633816043,0.06551622558
73,1163,Baltimore City,Maryland,24,510,24510,620961,7630.40000000000,624266,7671.00024576000,183830,395781,2270,14548,274,25960,11303,12955,292249,328712,41152,35441,34339,44278,56460,103564,76564,87445,68906,38552,23910,10350,34.50000000000,33.30000000000,35.70000000000,249903,2.38000000000,39916,50176,24277,36016,7001,38415,134038,3.14000000000,296685,46782,119163,130740,-99.00000000000,-99.00000000000,-99.00000000000,-99.00000000000,81.38000000000,0.72494868149,0.02310527093
74,1165,Howard,Maryland,24,027,24027,287085,1130.40000000000,294994,1161.53088948000,178523,50188,866,41221,123,16729,5709,10455,140593,146492,17363,20557,22451,20352,14727,35361,42873,49585,34771,17616,8277,3152,38.20000000000,37.00000000000,39.30000000000,104749,2.72000000000,9640,13263,31675,29996,2016,7152,76333,3.20000000000,109282,4533,77193,27556,335.00000000000,88.00000000000,18685.00000000000,67.72000000000,253.97000000000,1.23732774690,0.06586035402
75,1168,Montgomery,Maryland,24,031,24031,971777,1919.00000000000,986965,1948.94453111000,558358,167315,3639,135451,522,165398,67847,38645,466402,505375,63732,64300,64663,59862,54031,132393,140565,153481,118981,62541,37797,19431,38.40000000000,36.90000000000,39.90000000000,357086,2.70000000000,33162,56102,94814,95757,7166,24270,244898,3.22000000000,375905,18819,241465,115621,561.00000000000,121.00000000000,48563.00000000000,59.17000000000,506.41000000000,1.69380948789,0.13469527714
76,1176,Loudoun,Virginia,51,107,51107,312311,599.10000000000,327715,628.60129665900,214471,22710,914,46033,184,38576,15424,12575,154078,158233,27538,28998,25273,19233,12720,43483,58953,48852,26836,12241,5899,2285,34.80000000000,34.50000000000,35.00000000000,104583,2.98000000000,8000,10659,41897,26159,2221,5915,80494,3.39000000000,109442,4859,81384,23199,1427.00000000000,100.00000000000,73593.00000000000,23.69000000000,521.34000000000,1.81758860212,0.14274701568
77,1185,Queen Anne's,Maryland,24,035,24035,47798,127.60000000000,49533,132.24669603500,42397,3298,149,469,12,1452,651,822,23743,24055,2711,3227,3334,3211,2256,4341,6709,8444,6424,4265,2135,741,42.50000000000,41.90000000000,43.10000000000,18016,2.63000000000,1681,2027,4625,6237,464,1000,13314,3.04000000000,20140,2124,14928,3088,521.00000000000,282.00000000000,120336.00000000000,217.52000000000,374.55000000000,2.07596034952,0.09552349729
78,1197,Anne Arundel,Maryland,24,003,24003,537656,1291.40000000000,545944,1311.26215924000,405456,83484,1665,18352,484,32902,12642,15573,265763,271893,34586,34315,34871,34496,35462,71801,75812,86219,66430,36853,19321,7490,38.20000000000,36.80000000000,39.70000000000,199378,2.63000000000,20470,26725,47911,58044,5112,15050,139262,3.11000000000,212562,13184,148006,51372,377.00000000000,78.00000000000,16340.00000000000,50.64000000000,416.35000000000,1.73334975534,0.11857783180
79,1225,Prince George's,Maryland,24,033,24033,863420,1769.50000000000,867902,1778.70639833000,166059,556620,4258,35172,541,128972,73441,27329,414161,449259,58564,54482,55923,67439,70644,125740,123932,128053,97130,50100,23125,8288,34.90000000000,32.90000000000,36.70000000000,304042,2.78000000000,32938,46437,60472,61528,10404,38821,203520,3.31000000000,328182,24140,190993,113049,375.00000000000,99.00000000000,17376.00000000000,49.65000000000,487.94000000000,1.92554497011,0.13409399639
80,1244,Fairfax County,Virginia,51,059,51059,1081726,2721.90000000000,1100757,2769.75743546000,677990,99218,3884,189661,864,168482,66194,43915,534310,547416,72960,72670,72332,67443,60139,158642,164990,174767,131493,62967,30489,12834,37.30000000000,36.30000000000,38.20000000000,391627,2.74000000000,37723,51327,113479,111217,7581,21568,276277,3.22000000000,407998,16371,272233,119394,166.00000000000,42.00000000000,2872.00000000000,12.01000000000,397.42000000000,1.96310313019,0.10664744112
81,1258,Fauquier,Virginia,51,061,51061,65203,100.10000000000,66365,101.90403071000,55607,5321,244,836,40,4178,1592,1563,32158,33045,3814,4588,5006,4563,3120,6323,9020,11790,8690,4957,2442,890,41.20000000000,40.60000000000,41.80000000000,23658,2.74000000000,2174,2655,6605,7794,568,1299,17598,3.17000000000,25600,1942,18224,5434,1222.00000000000,182.00000000000,85075.00000000000,39.26000000000,651.25000000000,2.04570879717,0.17394988829
82,1262,District of Columbia,District of Columbia,11,001,11001,601723,9675.60000000000,617405,9927.72149863000,231471,305125,2079,21056,302,54749,24374,17316,284222,317501,32613,26147,25041,39919,64110,124745,80659,75703,63977,36969,21525,10315,33.90000000000,33.70000000000,34.10000000000,266707,2.11000000000,51964,65467,22896,35763,4598,26964,112715,3.01000000000,296719,30012,112055,154652,-99.00000000000,-99.00000000000,-99.00000000000,-99.00000000000,62.19000000000,0.63246229659,0.01776982932
83,1267,Talbot,Maryland,24,041,24041,37782,139.50000000000,38246,141.25424730400,30746,4829,65,472,22,2073,1030,618,18019,19763,1861,2091,2061,2124,1746,3459,4209,5555,5718,4894,2816,1248,47.40000000000,45.80000000000,48.80000000000,16157,2.31000000000,1687,2888,2713,5729,352,1023,10699,2.80000000000,19577,3420,11650,4507,305.00000000000,357.00000000000,87107.00000000000,165.71000000000,270.76000000000,1.72084011404,0.06397140490
84,1270,Prince William,Virginia,51,153,51153,402002,1178.20000000000,415479,1217.73498637000,232401,81196,2392,30317,525,81460,34671,20500,199677,202325,33223,33029,31393,28505,24028,59483,65467,61161,38493,17826,7011,2383,33.60000000000,32.80000000000,34.30000000000,130785,3.05000000000,10546,12598,44101,33936,4063,10846,100598,3.44000000000,137115,6330,95753,35032,345.00000000000,95.00000000000,18182.00000000000,27.33000000000,341.19000000000,1.88582963285,0.08997811768
85,1272,Arlington,Virginia,51,013,51013,207627,7955.10000000000,215286,8248.50574713000,148970,17632,971,19931,171,31382,12175,7777,103501,104126,11782,9173,7307,6975,17704,57402,32868,25717,20645,10086,5153,2815,33.60000000000,33.70000000000,33.60000000000,98050,2.09000000000,18994,21522,14593,18625,1062,3180,41607,2.92000000000,105404,7354,42457,55593,6.00000000000,6.00000000000,32.00000000000,3.43000000000,26.10000000000,0.36615404949,0.00695816681
86,1283,Falls Church,Virginia,51,610,51610,12332,6197.00000000000,12871,6467.83919598000,9853,532,33,1162,4,1109,259,489,6043,6289,774,830,893,762,539,1669,1843,2030,1699,714,361,218,38.90000000000,37.60000000000,40.30000000000,5101,2.41000000000,700,883,1372,1263,77,267,3199,3.07000000000,5489,388,2967,2134,-99.00000000000,-99.00000000000,-99.00000000000,-99.00000000000,1.99000000000,0.12976792728,0.00094804636
87,1286,Fairfax City,Virginia,51,600,51600,22565,3581.70000000000,23188,3680.63492063000,15706,1071,111,3432,14,3556,1323,908,11123,11442,1279,1253,1294,1221,1810,3266,3109,3440,2805,1616,1012,460,38.90000000000,37.00000000000,40.80000000000,8347,2.64000000000,812,1190,1986,2445,126,410,5545,3.11000000000,8680,333,5923,2424,-99.00000000000,-99.00000000000,-99.00000000000,-99.00000000000,6.30000000000,0.23638115511,0.00281110275
88,1296,Alexandria,Virginia,51,510,51510,139966,9178.10000000000,143372,9401.44262295000,85186,30491,589,8432,141,22524,9902,5225,67262,72704,9964,6354,4630,4953,8142,34181,24793,18693,15450,7345,3540,1921,35.60000000000,35.40000000000,35.90000000000,68082,2.03000000000,12626,16938,9242,13577,1087,3521,30978,2.85000000000,72376,4294,29458,38624,-99.00000000000,-99.00000000000,-99.00000000000,-99.00000000000,15.25000000000,0.30146267608,0.00463801409
89,1306,Manassas Park,Virginia,51,685,51685,14273,5575.40000000000,14783,5774.60937500000,7985,1852,56,1281,20,4645,2304,775,7242,7031,1294,1152,995,975,997,2750,2425,1816,1063,501,238,67,31.10000000000,30.80000000000,31.40000000000,4507,3.17000000000,457,501,1436,878,190,402,3212,3.63000000000,4904,397,2949,1558,-99.00000000000,-99.00000000000,-99.00000000000,-99.00000000000,2.56000000000,0.13540069699,0.00046485342
90,1308,Manassas,Virginia,51,683,51683,37821,3785.90000000000,39045,3908.40840841000,23336,5188,229,1884,52,11876,5503,1629,18967,18854,3194,2942,2847,2765,2628,6244,5500,5446,3648,1536,744,327,32.20000000000,31.20000000000,33.20000000000,12527,3.02000000000,1191,1580,3526,2913,443,1228,8895,3.48000000000,13123,596,8043,4484,-99.00000000000,-99.00000000000,-99.00000000000,-99.00000000000,9.99000000000,0.27427846239,0.00282130200
91,1309,Calvert,Maryland,24,009,24009,88737,405.30000000000,90640,413.99470174500,72231,11930,329,1260,44,2437,578,2365,43713,45024,4988,6320,7247,6972,4832,8734,12608,16475,10878,5602,2903,1178,40.10000000000,39.10000000000,40.70000000000,30873,2.85000000000,2526,3061,9139,9562,908,2238,23732,3.23000000000,33780,2907,25870,5003,274.00000000000,97.00000000000,14384.00000000000,14.79000000000,218.94000000000,1.24801395277,0.06361530244
92,1326,Charles,Maryland,24,017,24017,146551,317.50000000000,150640,326.37143600000,73677,60031,957,4366,103,6259,1963,5454,70810,75741,9438,10233,11668,11581,8683,17175,23218,24797,15906,8558,3877,1417,37.10000000000,35.90000000000,38.20000000000,51214,2.83000000000,4425,5693,13850,13922,1463,5658,38614,3.24000000000,54963,3749,40317,10897,418.00000000000,125.00000000000,29627.00000000000,21.29000000000,461.56000000000,1.73596676415,0.12214606418
93,1329,Dorchester,Maryland,24,019,24019,32618,57.00000000000,32899,57.49060725210,22065,9042,112,301,9,1130,463,626,15571,17047,2037,1902,1855,2035,1803,3537,3872,5181,4625,3186,1829,756,43.20000000000,42.10000000000,44.30000000000,13522,2.37000000000,1641,2194,2010,4022,399,1414,8894,2.88000000000,16554,3032,9263,4259,424.00000000000,314.00000000000,94901.00000000000,393.24000000000,572.25000000000,1.88675863144,0.14287232807
94,1330,Culpeper,Virginia,51,047,51047,46689,122.10000000000,47672,124.66853212700,35058,7368,193,607,38,4157,2131,1294,23684,23005,3274,3467,3323,3180,2469,5741,6667,7348,5522,3347,1746,605,38.00000000000,37.40000000000,38.70000000000,16231,2.77000000000,1532,1896,4253,4916,502,1291,11931,3.19000000000,17657,1426,11608,4623,667.00000000000,167.00000000000,56111.00000000000,40.69000000000,382.39000000000,1.80932723766,0.10188819409
95,1356,Stafford,Virginia,51,179,51179,128961,471.30000000000,130703,477.69818354600,93483,21881,576,3620,164,11875,4120,5117,64822,64139,8719,10038,11117,10758,8610,15921,19807,21976,12551,5904,2670,890,34.60000000000,33.10000000000,35.80000000000,41769,3.00000000000,3098,3448,14455,12287,1183,3420,33311,3.34000000000,43978,2209,32339,9430,233.00000000000,85.00000000000,10551.00000000000,12.01000000000,273.61000000000,1.21661646206,0.07445049117
96,1377,St. Mary's,Maryland,24,037,24037,105151,285.70000000000,107659,292.49599261000,82636,15030,424,2596,73,3972,1054,3338,52321,52830,7580,7628,7655,7932,7228,13356,14753,16980,11258,6302,3194,1285,35.90000000000,35.50000000000,36.30000000000,37604,2.72000000000,4251,3932,10124,10746,1145,2995,27084,3.18000000000,41282,3678,26966,10638,621.00000000000,111.00000000000,39794.00000000000,25.68000000000,368.07000000000,1.54115881027,0.09920094758
97,1403,Orange,Virginia,51,137,51137,33481,97.50000000000,34177,99.56302618930,27584,4256,94,246,20,1139,462,819,16422,17059,2008,2070,2258,2042,1538,3580,4377,5103,4442,3509,1911,643,42.60000000000,41.50000000000,43.70000000000,12895,2.55000000000,1268,1637,2830,4493,362,873,9342,2.97000000000,14616,1721,9890,3005,518.00000000000,202.00000000000,45202.00000000000,146.88000000000,343.27000000000,1.62723884849,0.09200208679
98,1408,Spotsylvania,Virginia,51,177,51177,122397,296.60000000000,123386,298.97986382000,92452,18671,397,2825,143,9278,3851,4058,59925,62472,8248,9368,9934,9750,6854,14798,18292,19509,13530,7229,3561,1324,36.30000000000,35.30000000000,37.30000000000,41942,2.91000000000,3133,4215,12921,12552,1293,3324,32431,3.27000000000,45185,3243,33258,8684,359.00000000000,145.00000000000,23773.00000000000,22.89000000000,412.69000000000,1.66650838913,0.11137183126
99,1409,King George,Virginia,51,099,51099,23584,127.80000000000,24166,130.92426048300,18089,4214,122,274,12,790,184,689,11851,11733,1803,1800,1872,1594,1262,2913,3504,3880,2559,1513,635,249,36.60000000000,36.20000000000,37.10000000000,8376,2.78000000000,889,766,2464,2568,240,616,6309,3.19000000000,9477,1101,6568,1808,180.00000000000,204.00000000000,15410.00000000000,24.78000000000,184.58000000000,1.12163303996,0.04740136383
100,1417,Fredericksburg,Virginia,51,630,51630,24286,2306.40000000000,25368,2409.11680912000,15596,5498,100,689,17,2607,1437,949,11144,13142,1590,1418,1083,2389,3948,3808,2732,2753,2152,1179,840,394,28.90000000000,29.20000000000,28.50000000000,9505,2.28000000000,1492,1927,1327,1717,239,979,4854,2.97000000000,10467,962,3623,5882,-99.00000000000,-99.00000000000,-99.00000000000,-99.00000000000,10.53000000000,0.17767789895,0.00195419480
101,1422,Westmoreland,Virginia,51,193,51193,17454,75.20000000000,17849,76.89557125620,11501,4891,73,99,5,1002,495,390,8511,8943,922,938,956,1051,915,1710,1860,2679,2778,2158,1128,359,46.50000000000,44.90000000000,47.90000000000,7310,2.38000000000,909,1177,1090,2419,178,606,4845,2.88000000000,10618,3308,5591,1719,171.00000000000,374.00000000000,44742.00000000000,148.44000000000,232.12000000000,1.40800754264,0.06623408167
102,1442,Caroline,Virginia,51,033,51033,28545,53.00000000000,29274,54.39039797850,18649,8375,213,178,22,959,273,835,14052,14493,2008,1930,1838,1696,1515,3838,3878,4471,3627,2197,1123,424,38.80000000000,38.20000000000,39.40000000000,10456,2.68000000000,1103,1199,2374,3113,369,920,7587,3.11000000000,11729,1273,8503,1953,225.00000000000,247.00000000000,36045.00000000000,47.82000000000,538.22000000000,1.97326693484,0.14257459488
103,634,Will,Illinois,17,197,17197,677560,797.90000000000,682922,804.17559643000,514664,75743,1703,30833,136,105817,39025,15456,336556,341004,49045,56056,57446,52585,36407,82963,108115,103152,68977,36418,18894,7502,35.40000000000,34.50000000000,36.20000000000,225256,2.97000000000,18887,22892,76560,62985,5671,16062,174062,3.41000000000,237501,12245,187425,37831,877.00000000000,252.00000000000,208874.00000000000,145.49000000000,849.22000000000,2.48858261187,0.23652638738
104,636,Kendall,Illinois,17,093,17093,114736,355.90000000000,120149,372.73996401300,95891,6585,316,3467,33,17898,5768,2676,56821,57915,10092,10753,9899,7900,5318,17511,20054,14950,9877,5115,2324,943,32.90000000000,32.20000000000,33.50000000000,38022,3.01000000000,2829,3397,14616,10396,996,2441,30067,3.41000000000,40321,2299,32554,5468,424.00000000000,394.00000000000,160527.00000000000,244.16000000000,322.34000000000,1.21381528037,0.09081065856
105,637,Lake,Indiana,18,089,18089,496005,983.60000000000,495518,982.66370523100,319412,128263,1628,6142,108,82663,28792,11660,239383,256622,33258,35119,36356,36400,29346,62823,62630,73841,60362,34431,22372,9067,37.40000000000,35.90000000000,38.70000000000,188157,2.60000000000,23344,28268,36888,47161,5747,21056,127647,3.19000000000,208750,20593,130460,57697,441.00000000000,291.00000000000,121424.00000000000,140.87000000000,504.26000000000,1.61883579454,0.13736163846
106,638,Porter,Indiana,18,127,18127,164343,391.40000000000,166179,395.74908909100,149995,4894,494,1994,36,13933,3818,3112,80764,83579,9792,11195,11735,11911,10518,20072,21948,25249,21560,11451,6315,2597,38.20000000000,37.10000000000,39.30000000000,61998,2.60000000000,6643,7795,14958,19581,1688,4173,43901,3.07000000000,66179,4181,47277,14721,517.00000000000,223.00000000000,106059.00000000000,103.65000000000,419.91000000000,1.48636775241,0.12143966151
107,653,LaSalle,Illinois,17,099,17099,113924,99.20000000000,113963,99.26571781960,106187,2186,289,762,16,9135,2838,1646,56872,57052,6618,7345,7594,7611,6454,13341,13896,17963,14424,9202,6324,3152,41.00000000000,39.50000000000,42.50000000000,45347,2.45000000000,6005,6947,9035,14039,1384,3068,30116,3.00000000000,49978,4631,33773,11574,1622.00000000000,397.00000000000,614381.00000000000,202.83000000000,1148.06000000000,2.53893116733,0.31813483175
108,690,Grundy,Illinois,17,063,17063,50063,116.30000000000,50478,117.27069974900,46933,605,114,327,15,4096,1336,733,24977,25086,3638,3889,3839,3541,2567,6804,7361,7386,5492,3117,1661,768,36.00000000000,35.40000000000,36.70000000000,18546,2.69000000000,2110,2064,5208,5503,601,1242,13431,3.16000000000,19996,1450,13930,4616,450.00000000000,479.00000000000,206081.00000000000,233.71000000000,430.44000000000,1.38179840241,0.11938578073
109,696,Starke,Indiana,18,149,18149,23363,74.80000000000,23672,75.77464788730,22683,66,76,41,0,766,204,293,11536,11827,1484,1525,1625,1724,1260,2527,2914,3607,3122,2152,1085,338,40.40000000000,39.90000000000,40.90000000000,9038,2.58000000000,1050,1075,1905,2990,308,689,6484,3.02000000000,10962,1924,7174,1864,640.00000000000,240.00000000000,132761.00000000000,92.40000000000,312.40000000000,1.33121876655,0.08650155028
110,723,Kankakee,Illinois,17,091,17091,113449,166.50000000000,114328,167.78151186500,87986,17187,286,1052,34,10167,4502,2402,55731,57718,7660,7997,8056,8819,7805,14133,14203,16182,13357,7952,5029,2256,36.60000000000,35.50000000000,37.80000000000,41511,2.61000000000,4624,5954,8845,11524,1288,4250,28680,3.13000000000,45246,3735,28598,12913,835.00000000000,462.00000000000,376178.00000000000,292.28000000000,681.41000000000,2.02807431992,0.18883354926
111,725,Jasper,Indiana,18,073,18073,33478,59.60000000000,33995,60.55612953790,32056,212,68,133,11,1823,655,343,16666,16812,2171,2331,2514,2638,2032,3830,4195,5016,4049,2693,1459,550,37.90000000000,36.80000000000,39.00000000000,12232,2.66000000000,1184,1370,3152,4277,389,751,9165,3.07000000000,13168,936,9404,2828,734.00000000000,464.00000000000,315634.00000000000,399.92000000000,561.38000000000,1.68597273616,0.15307232555
112,736,Newton,Indiana,18,111,18111,14244,35.30000000000,14293,35.43045536800,13700,56,42,38,2,717,256,150,7194,7050,813,856,1000,982,665,1502,1773,2341,1942,1371,710,289,42.40000000000,41.50000000000,43.40000000000,5503,2.56000000000,675,633,1181,1970,203,299,3945,3.00000000000,6030,527,4462,1041,434.00000000000,439.00000000000,176285.00000000000,445.55000000000,403.41000000000,1.43329218020,0.11433457021
113,3045,Walworth,Wisconsin,55,127,55127,102228,177.30000000000,102884,178.45075797000,93935,980,308,845,43,10578,4604,1513,51237,50991,6196,6768,6796,7588,8684,11470,12714,15568,12687,7362,4401,1994,38.00000000000,36.60000000000,39.30000000000,39699,2.51000000000,4911,5643,8632,11791,1154,2433,25918,3.05000000000,51531,11832,27310,12389,1000.00000000000,218.00000000000,182277.00000000000,145.52000000000,576.54000000000,1.63786087632,0.16432142152
114,3046,Racine,Wisconsin,55,101,55101,195408,573.80000000000,195826,575.06240272500,155731,21767,781,2121,53,22546,10046,4909,96771,98637,12747,13233,13991,13228,11189,23796,25736,31778,23971,13402,8491,3846,39.00000000000,37.70000000000,40.20000000000,75651,2.52000000000,8751,11208,15451,22244,2373,6896,51400,3.04000000000,82164,6513,52852,22799,652.00000000000,185.00000000000,104990.00000000000,156.32000000000,340.53000000000,1.47794519852,0.09783905070
115,3055,Kenosha,Wisconsin,55,059,55059,166426,598.50000000000,168544,606.09896432700,139416,11052,814,2393,89,19592,7880,4782,82444,83982,10995,11850,12310,13029,11307,20873,23207,26162,18014,9740,6142,2797,36.30000000000,35.30000000000,37.20000000000,62650,2.58000000000,7612,8776,14214,16516,2028,5722,42243,3.13000000000,69288,6638,42581,20069,460.00000000000,183.00000000000,71697.00000000000,129.84000000000,278.08000000000,1.35664674056,0.08211450783
116,3064,McHenry,Illinois,17,111,17111,308760,505.40000000000,311708,510.26896066300,278257,3283,939,7807,80,35249,13194,5200,153936,154824,19896,23408,25253,23605,15468,34761,47336,52619,35094,18560,9180,3580,37.80000000000,36.90000000000,38.70000000000,109199,2.81000000000,9980,11640,34453,33535,2619,6219,82288,3.25000000000,116040,6841,90722,18477,1035.00000000000,208.00000000000,198762.00000000000,151.23000000000,610.87000000000,1.68518115058,0.17036243492
117,3065,Boone,Illinois,17,007,17007,54165,192.10000000000,54487,193.23686917000,45724,1064,200,686,23,10967,5048,1420,27059,27106,3716,4409,4694,4382,2772,5863,8048,7987,5930,3788,1908,668,36.60000000000,35.90000000000,37.20000000000,18505,2.91000000000,1648,1841,5610,5785,634,1345,14273,3.32000000000,19970,1465,14912,3593,540.00000000000,254.00000000000,128769.00000000000,150.76000000000,281.97000000000,1.13817129673,0.07836930927
118,3066,Lake,Illinois,17,097,17097,703462,1493.10000000000,711155,1509.40252573000,528204,49033,3279,44358,294,139987,60008,18286,351119,352343,47115,53615,56719,56143,42235,81060,99747,113983,79752,40436,22762,9895,36.60000000000,35.10000000000,38.00000000000,241712,2.82000000000,22476,29434,75124,68941,5985,16757,179428,3.31000000000,260310,18598,185213,56499,396.00000000000,87.00000000000,28543.00000000000,77.84000000000,471.15000000000,1.52860062322,0.13004210157
119,3077,Berrien,Michigan,26,021,26021,156813,270.50000000000,156446,269.85079775800,122804,24037,834,2451,118,7054,2823,3746,76373,80440,9585,9999,10436,10976,8976,17238,19186,23981,20887,13360,8432,3757,41.00000000000,39.50000000000,42.40000000000,63054,2.43000000000,7971,10121,11348,18795,1614,5703,41585,2.98000000000,76922,13868,45063,17991,1300.00000000000,130.00000000000,138582.00000000000,104.82000000000,579.75000000000,1.91416641361,0.16738041457
120,3080,Cook,Illinois,17,031,17031,5194675,5423.20000000000,5241756,5472.30417489000,2877212,1287767,21559,322672,1724,1244762,551971,131770,2514314,2680361,342493,331837,339576,360190,372503,831563,709795,717063,569326,324521,204431,91377,35.30000000000,34.00000000000,36.60000000000,1966356,2.60000000000,267067,342515,389079,414863,49559,186828,1211420,3.34000000000,2180359,214003,1143857,822499,184.00000000000,45.00000000000,6470.00000000000,82.99000000000,957.87000000000,2.88718533092,0.27089550293
121,3081,Kane,Illinois,17,089,17089,515269,983.00000000000,520900,993.70469286500,384548,29422,2887,17895,193,158390,66818,13506,256815,258454,39870,42904,41701,38272,29637,68904,76116,74246,53929,28108,15066,6516,34.50000000000,33.50000000000,35.40000000000,170479,2.98000000000,14849,18978,53808,47200,5055,12582,128323,3.45000000000,182047,11568,130570,39909,759.00000000000,253.00000000000,181983.00000000000,261.01000000000,524.20000000000,1.60233077803,0.14887491031
122,3082,DeKalb,Illinois,17,037,17037,105160,165.70000000000,105890,166.85575620100,89453,6732,267,2438,23,10647,4149,2098,52530,52630,6645,6655,6351,9755,15901,14767,11956,13051,9742,5395,3366,1576,29.40000000000,28.60000000000,30.30000000000,38484,2.56000000000,4766,5168,8359,9805,972,2786,23781,3.11000000000,41079,2595,23547,14937,930.00000000000,399.00000000000,356193.00000000000,324.92000000000,634.62000000000,1.74140739206,0.17628183930
123,3095,DuPage,Illinois,17,043,17043,916924,2725.10000000000,920142,2734.69254317000,714140,42346,2415,92304,217,121506,45106,20396,449351,467573,56940,62430,65875,65319,54497,117222,125979,149142,113122,57640,32885,15873,38.00000000000,36.50000000000,39.50000000000,337132,2.68000000000,34246,47517,93899,99333,6316,18677,238014,3.24000000000,356179,19047,251835,85297,73.00000000000,109.00000000000,6388.00000000000,192.81000000000,336.47000000000,1.26174686985,0.09380784043
124,3101,LaPorte,Indiana,18,091,18091,111467,184.60000000000,112551,186.41987577600,93787,12001,306,583,21,6093,2226,2543,57641,53826,6625,6866,7289,7372,6553,14400,14669,17018,14808,8611,5126,2130,39.60000000000,38.00000000000,41.60000000000,42331,2.48000000000,5326,6242,7849,12596,1437,3537,28228,3.00000000000,48448,6117,31173,11158,869.00000000000,295.00000000000,231890.00000000000,175.24000000000,603.75000000000,1.78253678121,0.17293428993
125,3102,St. Joseph,Indiana,18,141,18141,266931,578.60000000000,267259,579.36050292700,209972,33958,1030,5036,194,19395,9031,7710,129412,137519,17749,18140,18388,21003,20735,33697,32564,37269,31821,17132,12537,5896,36.20000000000,34.90000000000,37.40000000000,103069,2.48000000000,13254,16694,20195,27299,2940,9492,66365,3.07000000000,114849,11780,71454,31615,712.00000000000,251.00000000000,163596.00000000000,126.19000000000,461.30000000000,1.63043488250,0.12503827620
